,stnId,stnNm,tm,avgTa,minTa,minTaHrmt,maxTa,maxTaHrmt,mi10MaxRn,mi10MaxRnHrmt,hr1MaxRn,hr1MaxRnHrmt,sumRnDur,sumRn,maxInsWs,maxInsWsWd,maxInsWsHrmt,maxWs,maxWsWd,maxWsHrmt,avgWs,hr24SumRws,maxWd,avgTd,minRhm,minRhmHrmt,avgRhm,avgPv,avgPa,maxPs,maxPsHrmt,minPs,minPsHrmt,avgPs,ssDur,sumSsHr,hr1MaxIcsrHrmt,hr1MaxIcsr,sumGsr,ddMefs,ddMefsHrmt,ddMes,ddMesHrmt,sumDpthFhsc,avgTca,avgLmac,avgTs,minTg,avgCm5Te,avgCm10Te,avgCm20Te,avgCm30Te,avgM05Te,avgM10Te,avgM15Te,avgM30Te,avgM50Te,sumLrgEv,sumSmlEv,n99Rn,iscs,sumFogDur
0,108,서울,2010-01-01,-7.6,-12.7,0654,-3.6,1501,,,,,,,7.5,340,0105,3.4,70,2350,1.9,1608,70,-16.9,30,1137,48.0,1.7,1010.6,1024.4,0005,1019.4,2356,1021.7,9.6,7.3,1100,1.51,8.63,,,2.2,0000,,3.8,2.3,-4.6,-13.0,-3.4,-1.7,-0.7,0.5,2.4,6.1,9.2,15.2,17.2,,0.6,1.1,,
1,108,서울,2010-01-02,-3.6,-7.4,2359,0.2,1524,,,,,6.57,1.4,7.2,290,1634,5.0,290,2243,2.8,2427,70,-7.2,57,0002,76.4,3.6,1006.2,1021.4,2354,1014.1,1407,1017.2,9.6,0.8,1300,0.9,3.56,1.6,1125,3.5,1125,1.6,6.0,3.8,-1.7,-7.5,-1.3,-0.7,-0.3,0.4,2.3,5.9,9.0,15.1,17.2,,0.1,0.3,{눈}0158-{눈}{강도0}0300-0330. {눈}0530-{눈}{강도0}0600-0625. {눈}0740-{눈}{강도0}0900-{가루눈}0948-1147. {박무}0705-{시정(미만)}{1km}{안개}0815-{시정(이상)}{1km}{박무}0847-{박무}{강도0}0900-{박무}{강도0}1200-{박무}{강도0}1500-1704. {연무}1704-{연무}{강도0}1800-2035.,0.53
2,108,서울,2010-01-03,-6.8,-10.5,0748,-3.2,1438,,,,,,,7.2,290,0129,5.1,290,0721,2.2,1882,290,-15.9,32,1534,49.3,1.8,1010.7,1024.1,1042,1020.2,2159,1021.8,9.7,8.2,1200,1.79,9.95,,,3.2,0000,,2.6,1.1,-3.3,-10.6,-2.6,-1.2,-0.5,0.4,2.3,5.9,9.0,15.1,17.2,,1.0,8.0,,
3,108,서울,2010-01-04,-5.9,-8.0,2400,-3.4,1425,,,,,13.03,14.2,7.9,90,0630,4.9,320,1516,3.0,2633,70,-8.1,51,0000,84.1,3.4,1002.4,1020.8,0028,1007.9,1302,1013.4,9.7,0.1,1400,0.74,2.87,25.8,1355,28.5,1355,25.8,7.5,6.3,-1.9,-8.5,-1.5,-0.8,-0.4,0.4,2.2,5.7,8.8,14.9,17.1,,0.3,6.2,{눈}0010-0230. {눈}0428-{시정(미만)}{1km}{눈}0445-{시정(이상)}{1km}{눈}0545-{눈}{강도0}0600-{시정(미만)}{1km}{눈}0635-{시정(미만)}{0.5km}{눈}0710-{시정(이상)}{0.5km}{눈}0835-{시정(이상)}{1km}{눈}0850-{눈}{강도0}0900-{시정(미만)}{1km}{눈}1025-{시정(미만)}{0.5km}{눈}1050-{시정(이상)}{0.5km}{눈}1135-{시정(이상)}{1km}{눈}1150-{눈}{강도0}1200-{눈}{강도0}1500-1510.,
4,108,서울,2010-01-05,-9.9,-12.3,2333,-7.0,1506,,,,,0.95,0.0,7.6,290,1533,4.8,290,0116,2.9,2492,290,-15.0,48,1534,66.4,1.9,1011.4,1025.3,2333,1017.4,0000,1022.6,9.7,7.5,1200,1.82,9.99,,,25.6,0000,,2.1,2.1,-0.7,-13.1,-0.6,-0.3,-0.1,0.4,2.2,5.7,8.8,14.9,17.2,,0.9,,{눈}0553-{눈}{강도0}0600-0650.,
5,108,서울,2010-01-06,-11.2,-13.3,0627,-8.1,1350,,,,,,,6.6,290,1343,4.1,290,1344,1.9,1613,320,-16.4,47,1411,65.5,1.7,1014.4,1027.2,2251,1024.6,1353,1025.8,9.7,9.0,1200,1.8,10.59,,,21.5,0000,,1.3,1.3,-0.9,-13.5,-0.8,-0.3,-0.1,0.5,2.2,5.7,8.6,14.8,17.1,,1.1,,,
6,108,서울,2010-01-07,-10.1,-13.6,0554,-5.5,1450,,,,,,,5.5,290,1728,3.8,270,1612,1.7,1459,20,-15.3,43,1424,66.8,1.9,1015.5,1028.2,1012,1025.6,1512,1026.8,9.7,8.8,1300,1.66,9.64,,,17.1,0000,,0.0,0.0,-1.0,-14.1,-0.8,-0.4,-0.1,0.5,2.1,5.6,8.5,14.7,17.1,,0.7,,{연무}0935-{연무}{강도0}1200-1230. {연무}2310-{연무}{강도0}2400-,
7,108,서울,2010-01-08,-8.0,-11.8,0657,-3.3,1509,,,,,,,5.8,320,1804,4.0,290,1742,1.7,1504,50,-13.1,48,1525,67.4,2.3,1013.9,1026.4,0928,1023.2,1440,1025.1,9.7,7.4,1200,1.7,9.18,,,16.5,0000,,1.4,1.0,-1.0,-11.9,-0.8,-0.4,-0.1,0.5,2.0,5.5,8.4,14.5,17.0,,0.4,,-{연무}-{연무}{강도0}0300-0421. {박무}0421-{박무}{강도0}0600-{박무}{강도0}0900-1004. {연무}1004-{연무}{강도0}1200-1450.,
8,108,서울,2010-01-09,-5.1,-8.7,0528,-1.9,1438,,,,,3.92,0.4,4.8,50,1018,2.9,70,1017,1.5,1279,50,-8.8,53,1339,75.8,3.2,1014.7,1027.2,2337,1023.9,1415,1025.8,9.7,0.0,1100,0.92,4.86,0.5,1822,15.5,0000,0.5,7.8,5.6,-0.8,-10.2,-0.6,-0.3,0.0,0.6,2.1,5.4,8.3,14.5,17.0,,0.7,0.4,{박무}0305-{박무}{강도0}0600-{박무}{강도0}0900-0933. {연무}0933-{연무}{강도0}1200-{연무}{강도0}1500-1652. {박무}1652-{박무}{강도1}1800-{박무}{강도0}2100-{박무}{강도0}2400- {눈}1450-{눈}{강도0}1500-{눈}{강도0}1800-1845.,
9,108,서울,2010-01-10,-3.4,-5.3,0507,-0.3,1418,,,,,,,5.7,340,1831,3.6,290,1537,1.7,1491,290,-6.5,59,1401,79.1,3.8,1016.2,1029.4,1001,1025.7,1437,1027.2,9.8,2.0,1200,1.27,6.28,,,15.5,0000,,4.1,3.3,-0.4,-5.3,-0.3,-0.1,0.0,0.6,2.0,5.3,8.2,14.4,17.0,,2.5,,-{박무}-{박무}{강도0}0300-{박무}{강도0}0600-{박무}{강도0}0900-1040. {연무}1125-{연무}{강도0}1200-{연무}{강도0}1500-{연무}{강도0}1800-{연무}{강도0}2100-2144. {박무}2144-{박무}{강도0}2400-,
10,108,서울,2010-01-11,-5.2,-8.3,2356,-1.3,1327,,,,,,,6.8,340,1906,4.2,290,1926,2.3,1971,290,-9.0,55,1258,75.1,3.1,1013.1,1026.5,0000,1022.1,1518,1024.2,9.8,0.7,1200,1.35,5.68,,,14.3,0000,,5.4,2.5,-0.6,-8.4,-0.4,-0.1,0.0,0.7,2.0,5.2,8.1,14.3,16.9,,0.4,,-{박무}-{박무}{강도0}0300-{박무}{강도0}0600-{박무}{강도0}0900-{박무}{강도0}1200-1245. {연무}1320-{연무}{강도0}1500-{연무}{강도0}1800-{연무}{강도0}2100-2220.,
11,108,서울,2010-01-12,-10.3,-12.9,2358,-7.3,1430,,,,,,,8.2,340,1507,4.6,290,0236,2.9,2496,290,-18.5,28,1323,52.1,1.5,1010.5,1024.8,0938,1019.1,1705,1021.8,9.8,7.7,1200,1.92,10.69,,,14.0,0000,,1.3,0.1,-1.1,-13.0,-0.9,-0.3,0.0,0.7,2.0,5.2,8.0,14.2,16.9,,1.5,,,
12,108,서울,2010-01-13,-13.2,-15.3,0748,-10.7,1447,,,,,,,9.1,320,1457,5.6,290,1535,3.2,2738,290,-20.7,39,1256,53.4,1.2,1013.1,1028.5,2300,1020.1,0000,1024.5,9.8,9.1,1200,1.88,11.04,,,13.5,0000,,0.0,0.0,-1.8,-15.5,-1.6,-0.7,0.0,0.7,1.9,5.1,8.0,14.2,16.9,,0.7,,,
13,108,서울,2010-01-14,-9.1,-14.4,0543,-4.1,1507,,,,,0.8,0.0,5.8,70,2355,3.7,70,1941,1.8,1570,50,-16.5,33,1319,55.8,1.7,1017.4,1030.8,1010,1027.0,1842,1028.7,9.8,7.3,1200,1.83,9.93,,,13.0,0000,,2.6,0.9,-1.8,-15.5,-1.5,-0.8,-0.1,0.7,1.9,5.1,7.9,14.1,16.9,,0.6,0.2,{눈}1542-1630.,
14,108,서울,2010-01-15,-5.0,-7.5,0027,-0.6,1424,,,,,5.7,0.3,7.8,270,1544,4.5,340,2040,2.4,2036,70,-10.6,42,1550,65.1,2.8,1019.8,1033.8,2347,1027.5,0446,1030.9,9.9,6.0,1300,1.55,8.52,0.6,0928,13.6,0928,0.7,4.0,4.0,-1.0,-9.8,-0.8,-0.5,-0.1,0.6,1.9,5.0,7.7,13.9,16.8,,1.1,0.1,{눈}0327-0344. {눈}0408-{눈}{강도0}0600-0620. {눈}0640-{눈}{강도0}0900-0953. {박무}0953-{박무}{강도0}1200-1235.,
15,108,서울,2010-01-16,-6.4,-10.1,0641,-2.1,1552,,,,,,,5.9,290,1431,3.8,270,1438,1.9,1640,290,-15.1,29,1530,52.5,1.9,1022.9,1035.7,1004,1032.5,1612,1034.1,9.9,8.7,1200,1.79,10.78,,,13.0,0000,,0.5,0.0,-1.4,-13.2,-1.1,-0.6,-0.1,0.6,1.8,5.0,7.6,13.8,16.7,,1.6,,,
16,108,서울,2010-01-17,-4.0,-9.0,0743,1.4,1421,,,,,,,5.9,290,1454,3.4,290,1456,1.4,1205,50,-10.7,34,1236,61.0,2.8,1022.5,1035.7,0901,1031.3,2145,1033.6,9.9,8.3,1200,1.76,10.14,,,12.5,0000,,0.1,0.0,-1.4,-12.0,-1.1,-0.6,0.0,0.6,1.8,4.9,7.6,13.8,16.8,,0.8,,,
17,108,서울,2010-01-18,-0.5,-3.9,0405,1.9,1524,,,,,,,4.4,50,1117,2.9,70,1153,1.6,1409,70,-5.4,60,1400,69.6,4.1,1020.6,1032.5,1049,1030.0,1518,1031.6,9.9,0.1,1300,0.7,3.6,,,12.2,0000,,8.5,8.5,-0.7,-7.3,-0.6,-0.3,-0.1,0.6,1.8,4.9,7.5,13.7,16.7,,0.9,,{연무}0750-{연무}{강도0}0900-{연무}{강도0}1200-{연무}{강도0}1500-{연무}{강도0}1800-{연무}{강도0}2400-,
18,108,서울,2010-01-19,2.7,-1.6,0630,6.8,1424,,,,,3.92,3.0,6.1,70,0926,3.5,70,0926,2.2,1867,70,-2.2,46,1453,72.1,5.3,1016.9,1031.6,0315,1023.2,2352,1027.6,9.9,4.3,1100,1.63,8.14,,,12.1,0000,,7.6,4.1,-0.2,-5.3,-0.2,-0.1,0.0,0.6,1.8,4.8,7.4,13.5,16.6,,0.3,6.0,-{연무}-0217. {박무}0217-{박무}{강도0}0300-{박무}{강도0}0600-{박무}{강도0}0900-1035. {연무}1035-{연무}{강도0}1200-{연무}{강도0}1500-{연무}{강도0}1800-2040. {비}1945-{비}{강도0}2100-2340. {박무}2040-{박무}{강도1}2100-{박무}{강도1}2400-,
19,108,서울,2010-01-20,5.8,2.4,2357,8.4,1431,,,,,21.15,7.0,8.0,290,2331,5.3,290,2359,1.7,1478,50,5.3,93,0021,96.5,8.9,1006.6,1023.3,0000,1013.6,1340,1017.2,10.0,0.0,1200,0.18,0.75,,,7.9,0000,,10.0,8.3,0.4,2.2,0.2,0.1,0.1,0.6,1.8,4.8,7.4,13.5,16.5,,0.9,4.5,-{박무}-{박무}{강도1}0300-{박무}{강도2}0600-{시정(미만)}{1km}{안개}0707-{시정(미만)}{0.5km}{안개}0737-{시정(미만)}{0.2km}{안개}0845-{안개}{강도2}0900-{시정(이상)}{0.2km}{안개}0955-{시정(이상)}{0.5km}{안개}1045-{시정(이상)}{1km}{박무}1144-{박무}{강도2}1200-{시정(미만)}{1km}{안개}1425-{시정(미만)}{0.5km}{안개}1437-{안개}{강도1}1500-{시정(미만)}{0.2km}{안개}1540-{시정(이상)}{0.2km}{안개}1625-{시정(이상)}{0.5km}{안개}1648-{시정(이상)}{1km}{박무}1735-{박무}{강도2}1800-{박무}{강도2}2100-{박무}{강도1}2400- {비}0025-0245. {비}0340-{비}{강도0}0600-{비}{강도0}0900-{비}{강도0}1200-1335. {안개비}1426-{안개비}{강도0}1500-1750. {안개비}1830-{안개비}{강도0}2100-{비}2315-{비}{강도0}2400-,7.78
20,108,서울,2010-01-21,-4.1,-8.0,2357,2.4,0000,,,,,1.42,0.5,10.3,320,0113,6.9,290,0113,4.1,3561,320,-10.7,42,1526,60.8,2.9,1012.2,1029.1,2325,1015.5,0007,1023.2,10.0,8.9,1200,1.91,11.62,,,,,,2.4,0.6,-0.4,-8.4,0.2,0.2,0.1,0.6,1.6,4.5,7.4,13.5,16.6,,1.7,,-{비}-0125. -{박무}-0220.,
21,108,서울,2010-01-22,-7.0,-9.6,0631,-3.4,1519,,,,,,,9.8,20,0824,5.6,290,1511,3.5,3029,290,-16.6,31,1228,47.3,1.7,1017.3,1030.6,0818,1026.5,1530,1028.4,10.0,8.0,1200,2.0,11.4,,,,,,0.6,0.1,-2.9,-9.7,-1.3,0.1,0.1,0.7,1.7,4.4,7.2,13.4,16.6,,1.0,,,
22,108,서울,2010-01-23,-5.3,-9.1,0605,-0.9,1608,,,,,,,7.0,320,1334,4.2,270,1631,2.1,1820,290,-15.4,26,1459,46.4,1.9,1015.7,1028.6,0011,1025.3,1456,1026.8,10.1,9.2,1200,2.01,12.31,,,,,,1.1,1.1,-3.5,-11.7,-2.2,-0.3,0.0,0.7,1.7,4.5,7.1,13.3,16.5,,1.7,,,
23,108,서울,2010-01-24,0.3,-4.5,0000,3.8,1322,,,,,,,10.5,250,1600,6.8,250,1607,2.9,2533,250,-5.3,45,1323,66.6,4.2,1011.5,1026.6,0044,1019.2,2350,1022.3,10.1,5.5,1200,1.8,9.25,,,,,,5.9,5.9,-0.7,-7.5,-0.7,-0.3,0.0,0.6,1.7,4.4,7.0,13.2,16.4,,1.3,,{박무}2315-{박무}{강도0}2400-,
24,108,서울,2010-01-25,-3.0,-8.5,2357,2.6,0201,,,,,,,11.5,340,1252,6.6,320,1214,3.6,3093,290,-11.8,31,1520,52.4,2.8,1013.8,1031.5,2331,1017.6,0425,1024.8,10.1,8.4,1200,2.06,12.07,,,,,,1.3,1.3,-0.6,-9.0,-0.3,0.1,0.1,0.6,1.7,4.4,6.9,13.2,16.4,,1.6,,-{박무}-{박무}{강도0}0300-{박무}{강도0}0600-0735. {연무}0735-{연무}{강도0}0900-1125. {황사}0925-{황사}{강도0}1200-1350.,
25,108,서울,2010-01-26,-4.1,-9.5,0632,1.1,1512,,,,,,,7.6,230,1416,4.9,250,1423,1.9,1640,50,-12.7,28,1128,53.1,2.5,1020.0,1033.6,0859,1028.1,2353,1031.1,10.1,8.7,1300,2.07,12.44,,,,,,0.6,0.5,-2.7,-12.2,-2.0,-0.5,0.0,0.5,1.6,4.3,6.8,13.1,16.3,,0.9,,,
26,108,서울,2010-01-27,-0.2,-4.0,0230,3.1,1308,,,,,7.55,2.5,6.2,50,1827,3.5,90,1830,2.1,1784,70,-5.2,36,1444,72.6,4.4,1007.7,1028.2,0000,1011.3,2024,1018.5,10.2,3.2,1100,1.49,6.0,0.4,1655,0.4,1655,0.4,7.8,4.1,-1.3,-7.4,-1.0,-0.2,-0.1,0.5,1.6,4.3,6.8,13.0,16.3,,0.5,2.5,{눈}1525-{진눈깨비}1655-{비}1730-{비}{강도0}1800-{비}{강도0}2100-2258. {박무}2258-{박무}{강도2}2400-,
27,108,서울,2010-01-28,-0.4,-5.0,2356,2.7,1315,,,,,,,10.5,250,1323,6.0,270,1247,3.6,3082,290,-6.0,33,1633,68.1,4.2,1008.9,1025.2,2359,1012.7,0001,1019.7,10.2,6.6,1200,1.98,10.56,,,,,,3.4,3.4,0.5,-6.2,0.1,0.1,0.0,0.5,1.6,4.2,6.7,12.9,16.2,,1.8,,-{박무}-{시정(미만)}{1km}{안개}0125-{안개}{강도0}0300-{시정(이상)}{1km}{박무}0415-{박무}{강도0}0600-{박무}{강도0}0900-1146. {연무}1146-{연무}{강도0}1200-1320.,2.83
28,108,서울,2010-01-29,-2.1,-7.3,0322,1.4,1616,,,,,0.42,0.0,10.6,270,1506,6.1,270,1608,2.7,2334,270,-10.0,36,0100,55.1,3.1,1012.6,1025.6,0059,1021.6,1630,1023.5,10.2,4.1,1100,1.83,7.83,,,,,,4.9,4.8,-0.9,-9.5,-0.2,0.1,0.1,0.5,1.6,4.2,6.7,12.9,16.2,,0.7,0.0,{눈}1857-1922.,
29,108,서울,2010-01-30,1.5,-1.7,0738,5.0,1318,,,,,,,7.0,270,1547,4.6,250,1551,2.0,1726,270,-4.1,36,1330,67.4,4.6,1011.7,1024.3,0933,1020.7,1357,1022.4,10.3,2.0,1200,1.58,5.98,,,,,,4.0,1.6,-0.3,-6.3,-0.2,0.1,0.1,0.5,1.5,4.1,6.6,12.7,16.1,,1.3,,{박무}0846-{박무}{강도0}0900-0928. {연무}0928-{연무}{강도0}1200-1321. {박무}2130-{박무}{강도0}2400-,
30,108,서울,2010-01-31,1.8,-0.5,0348,4.3,1530,,,,,,,3.5,50,0754,2.2,50,0800,1.3,1101,50,-1.0,69,1335,82.4,5.7,1010.2,1022.0,0015,1019.7,1423,1021.0,10.3,0.0,1200,0.56,3.19,,,,,,5.3,4.5,0.2,-4.5,0.0,0.1,0.0,0.5,1.6,4.1,6.5,12.6,16.0,,0.1,,-{박무}-{박무}{강도0}0300-{박무}{강도0}0600-{박무}{강도0}0900-{박무}{강도0}1200-1335. {연무}1335-{연무}{강도0}1500-{연무}{강도0}1800-1841. {박무}1841-{박무}{강도1}2100-{박무}{강도1}2400-,
31,108,서울,2010-02-01,0.8,-2.6,2358,5.1,1528,,,,,,,9.3,340,1936,6.0,340,1943,2.6,2204,290,-4.1,47,1538,71.6,4.6,1007.2,1020.8,0000,1014.8,1424,1018.0,10.3,4.3,1300,1.72,9.13,,,,,,4.0,1.3,0.9,-4.0,0.2,0.1,0.1,0.5,1.6,4.1,6.4,12.6,15.9,,1.2,,-{박무}-{박무}{강도1}0300-{박무}{강도2}0600-{박무}{강도1}0900-{박무}{강도1}1200-1302. {연무}1302-{연무}{강도0}1500-1645.,
32,108,서울,2010-02-02,-6.2,-9.1,2353,-2.6,0000,,,,,,,10.2,290,1434,6.0,290,1718,3.7,3214,320,-21.6,15,1424,29.6,1.1,1013.5,1027.4,2355,1020.3,0000,1024.6,10.4,9.7,1200,2.12,13.38,,,,,,0.8,0.0,-2.0,-10.0,-1.1,0.1,0.1,0.6,1.6,4.2,6.5,12.6,16.0,,1.5,,,
33,108,서울,2010-02-03,-8.0,-10.8,0752,-5.0,1536,,,,,,,12.2,290,1551,6.1,290,1501,3.3,2820,290,-20.4,21,1432,37.1,1.2,1016.5,1029.3,1037,1026.8,1403,1027.7,10.4,9.6,1200,2.25,13.85,,,,,,1.0,1.0,-4.3,-11.8,-2.9,-0.7,-0.1,0.5,1.6,4.2,6.5,12.5,16.0,,1.4,0.0,,
34,108,서울,2010-02-04,-4.3,-8.3,0644,-0.6,1447,,,,,0.67,0.0,11.3,230,1345,6.2,270,1353,2.8,2401,290,-13.4,28,1252,50.3,2.2,1014.5,1027.9,0222,1023.4,1712,1025.6,10.4,8.7,1200,2.15,12.62,0.1,0315,0.1,0315,0.1,2.0,2.0,-2.2,-12.3,-1.8,-0.9,-0.5,0.3,1.6,4.1,6.4,12.5,15.9,,1.5,,{눈}0255-{눈}{강도0}0300-0335.,
35,108,서울,2010-02-05,-5.5,-7.9,0753,-1.9,1529,,,,,,,8.0,290,1718,5.3,290,1354,3.0,2625,290,-19.1,15,1426,34.5,1.4,1015.8,1029.0,2304,1025.1,0000,1026.9,10.5,9.6,1200,2.24,14.08,,,,,,0.0,0.0,-3.1,-11.3,-2.2,-0.9,-0.5,0.1,1.5,4.1,6.4,12.4,15.9,,2.0,,,
36,108,서울,2010-02-06,-4.7,-9.6,0736,0.9,1614,,,,,,,7.2,320,0123,4.4,290,0716,2.3,1995,290,-17.8,21,1517,36.6,1.6,1019.2,1031.6,1111,1029.0,0000,1030.3,10.5,9.6,1200,2.23,14.09,,,,,,0.0,0.0,-2.9,-13.7,-2.5,-1.4,-0.9,0.0,1.5,4.1,6.4,12.3,15.8,,1.7,,,
37,108,서울,2010-02-07,0.7,-6.3,0627,5.6,1544,,,,,,,6.3,70,0851,3.7,70,0858,1.6,1398,50,-15.6,14,1528,31.3,1.8,1016.0,1030.8,0012,1023.2,2250,1026.8,10.5,5.6,1200,1.98,10.63,,,,,,5.9,1.3,-1.4,-10.9,-1.6,-0.9,-0.7,0.0,1.5,4.0,6.3,12.2,15.7,,1.2,,,
38,108,서울,2010-02-08,4.0,3.0,0403,5.7,1235,,,,,1.97,0.0,4.7,90,0923,2.8,70,1136,1.6,1341,70,-6.9,26,0000,47.9,3.9,1007.9,1023.8,0000,1015.5,1502,1018.6,10.6,0.0,1200,0.4,1.66,,,,,,10.0,5.8,0.9,0.9,0.1,0.0,-0.1,0.1,1.5,3.9,6.2,12.1,15.7,,0.3,1.0,{비}0940-0955. {비}1213-1315. {비}1435-1448. {비}2030-2058.,
39,108,서울,2010-02-09,3.7,2.9,0555,4.4,0102,,,,,14.75,12.0,5.5,70,1535,3.0,70,1531,1.3,1144,70,1.7,65,0037,87.4,6.9,1006.2,1019.2,1002,1015.0,1530,1016.8,10.6,0.0,1300,0.23,1.23,,,,,,9.9,6.9,1.2,0.9,0.2,0.1,0.0,0.1,1.5,3.8,6.1,12.1,15.6,,0.4,11.5,{연무}0340-0552. {박무}0552-{박무}{강도0}0600-{박무}{강도0}0900-{박무}{강도0}1200-{박무}{강도2}1500-{박무}{강도0}1800-{박무}{강도0}2100-2230. {비}0540-{비}{강도0}0600-{비}{강도0}0900-{비}{강도0}1200-{비}{강도0}1500-{비}{강도0}1800-2025.,
40,108,서울,2010-02-10,3.9,3.1,0554,5.0,1714,,,,,6.75,2.0,6.8,70,1813,3.6,90,1738,1.9,1673,70,0.8,70,0322,80.3,6.5,1007.0,1019.9,2333,1014.6,0252,1017.6,10.6,0.0,1000,0.21,1.34,,,,,,9.4,6.3,1.2,-0.5,0.4,0.1,0.0,0.1,1.1,3.5,6.0,12.0,15.5,,0.4,7.5,{비}0730-{비}{강도0}0900-1005. {비}1050-1125. {비}1155-{비}{강도0}1200-1440. {비}1525-1615. {박무}1150-{박무}{강도0}1200-{박무}{강도0}1500-1635.,
41,108,서울,2010-02-11,0.6,-0.8,0959,3.5,0141,,,,,13.33,10.5,10.1,90,0345,5.7,90,0421,3.3,2857,70,-1.8,65,0413,84.4,5.4,1009.5,1023.9,2357,1017.7,0414,1020.3,10.7,0.0,1400,0.56,3.32,7.1,1422,7.1,1422,7.1,9.6,7.0,0.3,-1.2,0.2,0.1,0.1,0.1,1.2,3.6,6.0,11.9,15.5,,0.4,4.6,{비}0435-{진눈깨비}0510-{눈}0545-{눈}{강도0}0600-{시정(미만)}{1km}{눈}0620-{시정(이상)}{1km}{눈}0645-{눈}{강도0}0900-{눈}{강도0}1200-{눈}{강도0}1500-1755.,
42,108,서울,2010-02-12,-0.3,-1.8,0344,1.1,1513,,,,,16.45,0.3,6.7,270,2339,4.7,290,2347,2.1,1855,70,-3.0,68,1313,82.0,4.9,1013.8,1026.7,0936,1023.7,1500,1024.7,10.7,0.0,1000,0.89,4.59,0.4,0945,6.4,0945,0.8,9.6,7.8,0.1,-2.3,0.1,0.1,0.0,0.2,1.3,3.6,5.8,11.8,15.4,,0.1,1.5,{눈}0058-{눈}{강도0}0300-0355. {눈}0825-{눈}{강도0}0900-1150. {눈}1315-{눈}{강도0}1500-{눈}{강도0}1800-2035. {눈}2115-{눈}{강도0}2400-,
43,108,서울,2010-02-13,-2.3,-3.3,2128,-0.3,1518,,,,,9.17,1.3,7.5,320,1151,5.0,290,1133,3.0,2621,290,-7.2,40,1439,69.8,3.6,1015.7,1029.0,2339,1024.6,0456,1026.7,10.7,6.4,1300,2.19,12.41,2.2,0820,8.6,0820,2.2,4.4,3.8,0.2,-5.8,0.1,0.1,0.1,0.3,1.4,3.7,5.9,11.9,15.5,,1.3,0.0,-{눈}-{눈}{강도0}0300-{눈}{강도0}0600-{눈}{강도0}0900-0910.,
44,108,서울,2010-02-14,-2.2,-5.0,0607,1.2,1548,,,,,,,6.1,320,2349,3.5,320,2353,1.6,1378,320,-12.3,25,1649,47.3,2.4,1017.8,1030.9,1052,1027.2,1555,1028.8,10.8,0.0,1200,1.46,8.83,,,6.0,0000,,7.0,2.1,0.1,-6.1,0.1,0.1,0.1,0.4,1.4,3.7,5.8,11.8,15.4,,1.3,,,
45,108,서울,2010-02-15,-3.1,-6.0,2350,-0.3,1344,,,,,,,8.2,340,1902,5.1,340,1909,2.6,2277,320,-12.3,29,1228,49.9,2.4,1015.7,1029.8,0017,1024.6,1748,1026.7,10.8,4.2,1200,2.3,11.19,,,5.2,0000,,3.5,0.4,0.0,-6.6,0.1,0.1,0.1,0.4,1.4,3.7,5.8,11.7,15.4,,1.2,,,
46,108,서울,2010-02-16,-4.5,-8.0,0738,-0.4,1450,,,,,,,7.4,290,1624,4.9,270,1702,2.7,2333,320,-15.1,23,1552,44.6,1.9,1017.5,1029.7,0906,1027.1,0001,1028.6,10.9,9.7,1200,2.44,15.97,,,4.9,0000,,1.8,0.0,-0.8,-8.1,-0.5,0.1,0.1,0.5,1.4,3.7,5.8,11.7,15.4,,1.6,,,
47,108,서울,2010-02-17,-3.2,-7.2,0507,0.3,1646,,,,,1.93,0.2,9.5,270,2257,6.1,230,2306,1.9,1675,290,-12.0,31,1229,52.0,2.5,1014.0,1030.1,0225,1019.9,2352,1025.0,10.9,0.8,1200,1.32,7.93,0.4,2350,4.0,0000,0.4,7.8,4.5,-1.6,-9.2,-1.1,-0.2,0.1,0.5,1.4,3.6,5.7,11.6,15.3,,0.7,2.7,{눈}2008-2018. {눈}2214-{눈}{강도0}2400-,
48,108,서울,2010-02-18,-2.9,-4.4,0939,-1.0,0329,,,,,3.97,2.5,12.3,270,1439,6.6,290,1304,3.2,2751,290,-11.6,23,1518,55.9,2.8,1011.7,1024.8,1121,1019.6,0024,1022.7,10.9,7.1,1200,2.56,14.23,4.8,0135,8.8,0135,4.8,3.4,2.5,-0.2,-7.8,-0.3,0.0,0.1,0.5,1.4,3.7,5.7,11.6,15.3,,1.8,,-{눈}-{시정(미만)}{1km}{눈}0030-{시정(미만)}{0.5km}{눈}0038-{시정(이상)}{0.5km}{눈}0057-{시정(이상)}{1km}{눈}0115-0145. {눈}0525-{눈}{강도0}0600-0645.  {눈}0802-0855. {박무}0145-{박무}{강도1}0300-{박무}{강도1}0600-0830.,
49,108,서울,2010-02-19,-1.0,-4.7,0631,2.5,1530,,,,,,,8.1,290,1536,5.0,270,1429,2.4,2104,50,-9.4,28,1332,54.5,3.1,1009.5,1022.9,0000,1019.5,0621,1020.3,11.0,9.4,1200,2.45,15.26,,,4.1,0000,,1.9,1.9,-0.7,-7.0,-0.7,-0.2,0.0,0.5,1.4,3.6,5.7,11.5,15.2,,1.7,,,
50,108,서울,2010-02-20,3.0,-1.6,0709,8.1,1542,,,,,,,7.4,200,1519,5.8,230,1711,1.8,1596,250,-3.2,38,1415,65.3,4.8,1010.7,1022.6,0930,1019.9,1544,1021.4,11.0,9.4,1200,2.31,14.38,,,2.5,0000,,0.0,0.0,0.4,-5.7,-0.2,0.1,0.1,0.5,1.4,3.6,5.7,11.5,15.2,,2.0,,{박무}2320-{박무}{강도0}2400-,
51,108,서울,2010-02-21,4.8,0.0,0557,9.6,1457,,,,,,,7.4,250,1611,4.7,230,1505,2.2,1882,50,-3.5,32,1214,57.1,4.7,1009.3,1022.0,0112,1018.0,1640,1019.9,11.0,6.7,1200,2.16,12.72,,,,,,2.1,0.5,1.8,-4.4,0.2,0.2,0.1,0.5,1.2,3.2,5.1,11.3,15.1,,1.3,0.0,-{박무}-{박무}{강도0}0300-{박무}{강도0}0600-0845.,
52,108,서울,2010-02-22,6.5,3.5,2350,11.0,1429,,,,,2.25,0.0,9.1,250,0643,4.9,230,0628,2.5,2155,290,0.3,33,1509,66.8,6.3,1007.6,1019.2,1201,1017.0,0540,1018.1,11.1,5.7,1300,2.28,11.29,,,,,,4.5,4.3,3.6,-3.9,1.3,0.7,0.1,0.5,1.3,3.3,5.3,11.3,15.0,,1.7,,{박무}0615-{박무}{강도2}0900-{박무}{강도0}1200-1216. {연무}1216-1440. {연무}1950-{연무}{강도0}2100-{연무}{강도0}2400- {비}0630-{안개비}0715-0845.,
53,108,서울,2010-02-23,8.2,1.6,0619,16.2,1615,,,,,,,8.1,230,1649,5.1,230,1656,2.1,1821,70,-3.1,14,1535,50.5,5.0,1006.0,1018.7,0114,1013.3,1637,1016.4,11.1,9.5,1200,2.32,15.21,,,,,,0.0,0.0,4.1,-3.7,2.0,1.5,0.2,0.6,1.4,3.2,5.4,11.3,15.0,,2.9,,-{연무}-0135. {연무}2230-{연무}{강도0}2400-,
54,108,서울,2010-02-24,12.2,5.5,0412,17.9,1334,,,,,,,7.8,230,1442,5.3,230,1414,2.0,1713,90,1.0,27,1229,47.9,6.6,1003.4,1016.2,0138,1011.2,2359,1013.7,11.2,6.3,1200,2.39,12.26,,,,,,4.5,3.0,5.3,-1.8,3.7,3.1,1.1,0.7,1.6,3.5,5.4,11.3,15.0,,2.2,11.5,-{연무}-{연무}{강도0}0300-{연무}{강도0}0600-0730.,
55,108,서울,2010-02-25,12.0,9.8,2352,14.8,0021,,,,,11.48,26.5,10.2,250,1122,6.6,250,1130,2.1,1804,70,10.4,46,0000,91.3,12.7,998.0,1011.3,0000,1006.0,1506,1008.2,11.2,0.0,1500,0.2,0.73,,,,,,10.0,8.8,9.4,9.0,7.8,6.2,5.0,3.7,3.0,3.6,5.4,11.2,15.0,,1.1,15.0,{비}0255-{비}{강도0}0300-0320. {비}0420-{비}{강도0}0600-{안개비}0720-{비}0830-{비}{강도0}0900-{비}{강도1}1200-1450. {비}2035-{비}{강도0}2100-2109. {박무}0815-{박무}{강도2}0900-{박무}{강도1}1200-{시정(미만)}{1km}{안개}1430-{안개}{강도0}1500-{안개}{강도0}1800-{시정(이상)}{1km}{박무}1945-{박무}{강도2}2100-{시정(미만)}{1km}{안개}2335-{안개}{강도0}2400-,5.67
56,108,서울,2010-02-26,12.0,9.0,0358,17.2,1612,,,,,,,5.8,290,0323,3.5,320,0323,1.6,1394,70,6.8,45,1845,73.1,10.0,1001.9,1015.0,2255,1009.6,0034,1012.1,11.2,6.4,1300,2.32,12.72,,,,,,4.8,3.9,11.9,4.4,10.0,8.8,7.4,6.1,4.6,3.7,5.0,11.0,14.9,,2.7,,-{안개}-{시정(이상)}{1km}{박무}0205-{박무}{강도2}0300-{시정(미만)}{1km}{안개}0345-{시정(이상)}{1km}{박무}0510-{박무}{강도0}0600-{박무}{강도0}0900-1048.,3.5
57,108,서울,2010-02-27,8.6,6.0,0824,11.0,1337,,,,,,,9.5,90,0912,5.1,70,0913,2.6,2230,70,2.3,50,1338,65.6,7.3,1005.1,1017.1,2336,1014.3,1325,1015.4,11.3,2.1,1200,1.97,9.35,,,,,,7.9,4.4,8.9,4.8,8.6,8.0,7.7,7.0,5.6,4.2,5.0,10.7,14.8,,2.0,,{박무}2315-{박무}{강도0}2400-,
58,108,서울,2010-02-28,6.8,5.4,0746,9.1,1338,,,,,0.37,0.0,6.7,50,2139,3.7,290,1434,2.2,1941,290,2.4,53,1330,74.4,7.3,1008.8,1021.4,1011,1016.7,0011,1019.3,11.3,0.4,1100,1.59,6.64,,,,,,8.9,7.3,7.5,3.5,7.4,7.0,6.9,6.7,6.0,4.6,5.2,10.6,14.8,,0.4,13.0,-{박무}-0050. {박무}0425-{박무}{강도0}0600-{박무}{강도1}0900-{박무}{강도0}1200-1203. {연무}1203-{연무}{강도0}1500-{연무}{강도0}1800-{연무}{강도0}2100-{연무}{강도0}2400- {비}1658-1720.,
59,108,서울,2010-03-01,2.9,1.1,1022,6.3,0005,,,,,14.37,17.0,12.2,70,1310,6.3,70,0909,4.1,3501,70,-0.6,63,2307,78.9,5.9,1004.3,1019.6,0001,1012.8,1400,1015.0,11.4,0.0,1300,0.71,3.12,,,,,,9.4,6.6,3.9,1.0,4.6,4.9,5.4,5.9,5.9,4.9,5.4,10.6,14.7,,0.1,4.0,-{연무}-0144. {박무}0144-{박무}{강도1}0300-{박무}{강도1}0600-{박무}{강도0}0900-{박무}{강도0}1200-1250. {비}0157-{비}{강도0}0300-{비}{강도0}0600-{진눈깨비}0740-{진눈깨비}{강도0}0900-{비}1145-{비}{강도0}1200-1350. {눈}1620-1654. {눈}1855-2050.,
60,108,서울,2010-03-02,2.7,0.6,2344,4.8,1400,,,,,,,8.6,290,1511,5.3,290,1456,2.6,2277,70,-1.7,63,0009,72.6,5.4,1006.9,1021.6,2312,1015.1,0142,1017.6,11.4,0.0,1200,0.7,3.59,,,,,,7.5,6.8,3.1,-2.0,3.5,3.9,4.2,4.8,5.3,5.2,5.6,10.6,14.7,,1.0,,,
61,108,서울,2010-03-03,4.4,-1.5,0602,10.2,1535,,,,,,,6.7,50,2028,3.9,70,1827,2.2,1884,70,-4.5,26,1535,54.5,4.4,1012.1,1025.3,1024,1020.7,2323,1022.8,11.4,8.2,1200,2.57,16.6,,,,,,4.6,1.4,5.4,-5.7,4.2,4.7,4.4,4.4,4.9,5.4,5.9,10.6,14.7,,2.5,,{박무}0430-{박무}{강도0}0600-0845. {연무}0845-{연무}{강도0}0900-{연무}{강도0}1200-1245. {햇무리}1540-1630.,
62,108,서울,2010-03-04,5.5,4.5,0627,6.3,0000,,,,,7.0,1.5,8.2,50,1052,4.3,70,0908,2.8,2415,70,0.6,50,0138,71.9,6.5,1005.1,1022.5,0139,1012.4,1706,1015.6,11.5,0.0,1500,0.5,3.72,,,,,,9.4,7.5,5.2,4.1,5.1,5.0,5.1,5.2,5.3,5.5,6.0,10.4,14.6,,0.1,1.8,{비}1145-{비}{강도0}1200-{비}{강도0}1500-{비}{강도0}1800-1845.,
63,108,서울,2010-03-05,6.4,3.9,0602,9.5,1322,,,,,3.92,0.3,7.0,320,2202,4.3,340,1904,2.3,1951,290,1.0,51,1900,69.8,6.6,1007.7,1020.4,2140,1014.5,0007,1018.2,11.5,2.2,1100,2.17,9.42,,,,,,9.4,5.5,7.2,3.8,6.8,6.5,6.1,5.6,5.1,5.5,6.1,10.4,14.6,,2.0,,{안개비}0230-{안개비}{강도0}0300-{안개비}{강도0}0600-0625. {연무}2010-{연무}{강도0}2100-{연무}{강도0}2400-,
64,108,서울,2010-03-06,6.0,2.0,0809,10.7,1510,,,,,,,7.5,290,0037,4.3,70,1900,2.3,1951,70,-2.5,40,1515,55.4,5.1,1011.8,1026.0,2400,1020.1,0000,1022.3,11.6,4.0,1100,2.08,11.5,,,,,,7.1,3.8,6.6,-0.7,6.4,6.4,6.4,6.1,5.9,5.7,6.3,10.4,14.6,,2.5,,-{연무}-{연무}{강도0}0300-{연무}{강도0}0600-0850. {연무}0935-{연무}{강도0}1200-{연무}{강도0}1500-1530.,
65,108,서울,2010-03-07,4.9,2.6,0610,7.8,1124,,,,,,,8.1,70,0147,4.5,70,0729,3.1,2721,70,-5.0,40,1414,49.3,4.2,1016.4,1030.7,2356,1024.8,0408,1027.1,11.6,3.2,1100,2.25,11.18,,,,,,7.8,7.5,5.7,2.1,6.0,6.1,6.4,6.2,6.1,5.9,6.4,10.4,14.5,,2.2,,,
66,108,서울,2010-03-08,4.1,1.0,0437,7.7,1200,,,,,,,8.5,110,1015,4.5,70,1028,2.9,2527,70,-6.4,33,1511,46.8,3.8,1020.3,1033.6,0830,1029.0,1650,1031.0,11.6,4.5,1100,2.46,11.15,,,,,,5.9,4.6,3.9,-1.2,4.6,5.1,5.6,5.8,6.1,6.1,6.5,10.4,14.4,,2.3,0.0,{채운}0845-0915.,
67,108,서울,2010-03-09,1.5,-3.9,2215,5.7,1229,,,,,9.12,14.0,10.6,320,2331,5.6,270,2216,2.6,2269,70,-4.3,38,1335,68.1,4.5,1012.0,1030.3,0000,1017.1,2121,1022.8,11.7,1.1,1100,1.69,7.77,7.6,2400,7.6,2400,7.6,9.1,6.5,3.1,-4.0,3.9,4.5,5.1,5.5,5.9,6.1,6.6,10.3,14.3,,0.2,21.1,{눈}0843-{눈}{강도0}0900-0930. {진눈깨비}1452-{진눈깨비}{강도0}1500-1550. {비}1638-{진눈깨비}1750-{진눈깨비}{강도0}1800-{눈}1853-{눈}{강도1}2100-{눈}{강도2}2400- {박무}1610-{박무}{강도0}1800-{시정(미만)}{1km}{안개}1920-{안개}{강도0}2100-{안개}{강도0}2400-,4.67
68,108,서울,2010-03-10,-1.4,-4.0,0002,0.5,1602,,,,,8.95,7.1,8.7,340,0004,4.8,250,2124,2.7,2295,290,-4.1,68,1624,82.4,4.5,1009.0,1023.9,2350,1016.2,0411,1019.8,11.7,0.7,1300,1.2,5.91,7.5,0830,13.5,0830,7.5,8.5,7.9,0.6,-4.5,1.7,2.6,3.6,4.6,5.7,6.2,6.7,10.3,14.3,,1.8,0.0,-{눈}-{눈}{강도1}0300-{눈}{강도0}0600-0832. {눈}0920-0945. -{안개}-{시정(이상)}{1km}{박무}0215-{박무}{강도2}0300-{박무}{강도0}0600-{박무}{강도0}0900-1030.,2.25
69,108,서울,2010-03-11,2.3,-2.7,0506,6.0,1615,,,,,,,9.1,250,1544,5.7,250,1547,3.0,2632,230,-4.3,43,1542,62.8,4.4,1012.4,1025.3,0909,1020.3,2341,1023.1,11.8,5.8,1100,2.51,15.6,,,5.0,0000,,5.5,5.5,1.1,-7.5,1.8,2.5,3.0,3.7,5.2,6.3,6.9,10.4,14.3,,2.7,,,
70,108,서울,2010-03-12,5.8,0.9,2341,10.0,1133,,,,,,,16.2,230,1415,9.7,250,1419,4.3,3726,250,-0.9,34,2257,63.0,6.0,1005.9,1023.4,2359,1011.5,1347,1016.5,11.8,0.5,0800,0.7,3.02,,,,,,8.3,5.8,4.3,0.2,4.3,4.2,4.1,4.1,4.8,6.2,7.0,10.4,14.2,,1.4,,{연무}1405-{연무}{강도0}1500-{연무}{강도0}1800-1850.,
71,108,서울,2010-03-13,2.4,-1.9,0634,7.9,1541,,,,,,,8.4,340,0002,4.9,320,0041,2.4,2074,290,-14.0,14,1543,30.5,2.1,1016.5,1029.6,0937,1023.4,0000,1027.3,11.8,9.6,1200,2.77,19.12,,,,,,2.6,1.1,4.4,-3.8,3.9,4.6,4.4,4.3,4.7,6.1,7.0,10.4,14.2,,3.7,,{황사}0840-{황사}{강도0}0900-{황사}{강도0}1200-1315.,
72,108,서울,2010-03-14,7.2,1.2,0410,12.6,1234,,,,,5.5,7.0,8.5,70,2211,4.4,90,1715,2.8,2417,70,-5.7,13,1215,46.8,4.9,1012.2,1028.1,0049,1016.4,2359,1022.7,11.9,3.4,1100,1.83,8.85,,,,,,5.4,3.6,4.4,-2.9,4.7,4.6,4.6,4.7,4.9,6.0,7.0,10.4,14.1,,2.0,12.5,{연무}1425-{연무}{강도0}1500-1753. {박무}1753-{박무}{강도0}1800-1940. {비}1520-1715. {비}1745-{비}{강도0}1800-{비}{강도0}2100-2120.,
73,108,서울,2010-03-15,7.9,2.8,2355,11.1,1238,,,,,8.67,12.5,11.7,290,1757,6.5,290,1802,3.4,2946,90,3.1,35,1858,74.4,8.2,999.9,1016.4,0000,1004.7,1232,1010.2,11.9,1.0,1500,1.65,4.64,,,,,,8.3,5.8,7.8,1.4,7.6,7.2,6.8,6.2,5.7,6.1,7.0,10.4,14.1,,2.0,7.0,{비}0220-{비}{강도0}0300-0325. {비}0515-{비}{강도0}0600-{비}{강도0}0900-{비}{강도0}1200-1250. {박무}0730-{박무}{강도2}0900-{박무}{강도0}1200-{시정(미만)}{1km}{안개}1315-{시정(이상)}{1km}{박무}1340-1425. {황사}1830-{황사}{강도0}2100-{황사}{강도0}2400-,0.42
74,108,서울,2010-03-16,0.7,-1.0,2349,3.9,1431,,,,,,,14.3,270,0340,7.6,290,1122,4.6,4009,290,-12.3,25,1702,37.6,2.4,1011.4,1027.3,2356,1016.4,0000,1022.2,12.0,9.7,1200,2.79,19.85,,,,,,2.0,0.5,3.0,-3.7,3.7,4.9,5.4,5.7,5.9,6.2,7.0,10.4,14.0,,4.2,,-{황사}-{황사}{강도0}0300-{황사}{강도1}0600-{황사}{강도1}0900-{황사}{강도0}1200-1325.,
75,108,서울,2010-03-17,-0.1,-1.9,0229,3.1,1217,,,,,6.95,1.0,6.6,290,1239,4.3,290,1242,1.7,1496,50,-9.3,22,1107,54.5,3.2,1015.0,1028.3,0142,1023.5,2359,1025.9,12.0,4.0,1100,2.16,11.19,1.1,2050,1.1,2050,1.1,6.1,2.9,1.2,-6.5,2.4,3.2,4.1,4.7,5.4,6.3,6.9,10.3,14.0,,1.1,1.0,{눈}1703-{눈}{강도0}1800-{눈}{강도0}2100-{눈}{강도0}2400-,
76,108,서울,2010-03-18,0.5,-2.8,0654,4.6,1531,,,,,0.75,0.0,9.0,320,1726,5.6,270,1255,3.1,2648,270,-8.4,27,1502,53.0,3.3,1009.7,1023.5,0000,1018.6,1556,1020.5,12.0,11.0,1200,2.95,21.52,,,1.1,0000,,1.1,1.1,4.0,-4.8,3.6,4.3,4.4,4.6,5.2,6.4,7.0,10.2,14.0,,2.2,,-{눈}-0045.,
77,108,서울,2010-03-19,4.5,-1.7,0653,8.9,1907,,,,,,,6.4,200,1451,4.5,250,1518,2.1,1855,70,-6.7,24,1314,46.0,3.8,1000.9,1019.7,0117,1004.5,2351,1011.4,12.1,6.1,1300,2.33,14.37,,,,,,6.0,1.9,4.9,-6.7,4.8,4.7,4.7,4.8,5.3,6.3,7.1,10.2,13.9,,3.0,,,
78,108,서울,2010-03-20,6.8,1.1,2400,11.3,1045,,,,,1.17,0.2,16.7,290,2304,10.2,290,2310,3.6,3122,270,1.6,42,0001,70.5,7.0,990.1,1005.5,2353,994.1,1406,1000.4,12.1,0.0,1300,0.5,1.32,,,,,,9.3,5.8,6.7,0.6,6.6,6.3,6.1,6.0,6.0,6.3,7.0,10.2,13.9,,1.2,0.2,{연무}0740-{연무}{강도0}0900-1037. {박무}1037-{박무}{강도1}1200-{박무}{강도0}1500-{박무}{강도0}1800-2015. {비}1120-{비}{강도0}1200-1230. {황사}1627-{황사}{강도1}1800-{황사}{강도1}2100-2338.,
79,108,서울,2010-03-21,2.7,-0.7,0551,7.1,1423,,,,,,,14.8,270,0038,7.7,290,0008,4.6,3961,290,-8.2,26,1216,46.1,3.4,1005.2,1019.6,2350,1005.4,0000,1015.8,12.2,10.3,1200,3.08,20.97,,,,,,1.9,1.4,4.8,-2.9,4.8,5.4,5.6,5.6,5.9,6.5,7.1,10.3,13.9,,3.0,,,
80,108,서울,2010-03-22,2.1,-0.1,1946,5.0,1059,,,,,7.5,9.9,6.2,200,1415,4.5,180,1417,1.4,1216,20,-1.1,56,1250,80.6,5.6,1008.2,1020.6,0522,1017.1,1549,1018.9,12.2,0.0,0900,0.69,3.17,2.9,1835,2.9,1835,2.9,8.8,5.4,2.5,-2.5,3.2,3.9,4.7,5.3,5.8,6.4,7.1,10.2,13.7,,0.7,9.9,{비}1415-{진눈깨비}1446-{진눈깨비}{강도0}1500-{눈}1515-{시정(미만)}{1km}{눈}1555-{시정(이상)}{1km}{눈}1650-{눈}{강도0}1800-{눈}{강도0}2100-2145. {박무}1430-{박무}{강도0}1500-{박무}{강도2}1800-{박무}{강도0}2100-{박무}{강도0}2400-,
81,108,서울,2010-03-23,5.9,0.7,0015,10.3,1446,,,,,,,7.2,340,1601,4.9,290,1521,1.8,1576,320,-0.1,42,1634,67.9,6.1,1007.5,1019.9,2255,1015.7,1656,1018.0,12.2,4.6,1200,2.71,15.97,,,2.3,0000,,7.9,2.0,6.9,0.2,5.9,5.7,5.2,5.0,5.5,6.5,7.2,10.4,13.7,,2.9,,-{박무}-{박무}{강도0}0300-{박무}{강도0}0600-{박무}{강도0}0900-1125. {햇무리}1510-1740.,
82,108,서울,2010-03-24,8.7,4.3,0336,13.8,1537,,,,,,,8.5,290,2136,5.0,340,2044,2.3,1997,70,-1.3,32,1426,50.3,5.5,1007.6,1021.3,1004,1014.0,1655,1018.0,12.3,7.4,1200,2.38,16.62,,,,,,6.5,1.6,8.5,-0.4,7.8,7.4,6.8,6.4,6.1,6.6,7.3,10.3,13.7,,3.7,0.0,{햇무리}1045-1325.,
83,108,서울,2010-03-25,5.0,-0.1,2400,9.5,1110,,,,,1.78,2.5,13.9,320,1616,7.5,290,1813,3.5,3016,320,-6.1,14,1657,47.1,4.3,1006.7,1022.1,2349,1014.3,1500,1017.2,12.3,0.9,1000,1.34,8.09,,,,,,6.5,5.3,6.0,-1.8,6.3,6.8,7.2,7.2,7.0,6.7,7.3,10.2,13.7,,0.6,2.5,{안개비}0640-0650. {비}1245-{진눈깨비}1313-{싸락눈}1325-{비}1334-1349. {비}1410-1443.,
84,108,서울,2010-03-26,2.0,-2.9,0634,4.7,1331,,,,,1.85,0.0,15.3,230,1618,9.0,250,1526,3.9,3408,250,-9.1,19,1048,46.8,3.5,1012.8,1025.7,0953,1021.3,1709,1023.6,12.4,6.7,1200,2.63,16.23,,,,,,4.4,3.9,2.9,-7.0,3.9,4.5,5.2,5.7,6.4,6.9,7.4,10.6,13.7,,2.2,0.0,{눈}1620-1720. {눈}1729-{눈}{강도0}1800-1820.,
85,108,서울,2010-03-27,5.4,4.0,0317,7.2,1146,,,,,,,9.3,250,1118,6.4,250,1122,3.5,2989,230,1.0,63,1155,74.0,6.6,1013.1,1024.4,2352,1023.2,0631,1023.8,12.4,0.0,1100,1.07,4.44,,,,,,8.5,7.8,5.3,1.4,5.5,5.4,5.5,5.8,6.2,6.8,7.4,10.2,13.6,,1.2,,{박무}0811-{박무}{강도0}0900-1055. {연무}1055-{연무}{강도0}1200-{연무}{강도0}1500-{연무}{강도0}1800-{연무}{강도0}2100-2113. {박무}2113-{박무}{강도0}2400-,
86,108,서울,2010-03-28,4.1,-0.1,0646,9.2,1556,,,,,,,9.9,290,1641,5.9,250,1713,3.2,2740,290,-7.3,22,1319,47.3,3.7,1014.5,1027.2,2354,1023.8,0413,1025.2,12.4,11.4,1200,2.99,22.11,,,,,,0.4,0.4,7.3,-4.1,6.2,6.4,6.2,6.0,6.3,6.9,7.5,10.3,13.6,,4.2,,-{박무}-{박무}{강도0}0300-0515.,
87,108,서울,2010-03-29,5.8,0.6,0631,11.3,1528,,,,,,,8.1,290,1726,5.6,290,1715,2.8,2390,290,-8.6,23,1240,35.6,3.3,1017.8,1030.4,2328,1026.6,1621,1028.4,12.5,11.0,1200,2.82,20.88,,,,,,0.0,0.0,7.6,-4.5,6.4,6.6,6.6,6.5,6.5,7.0,7.6,10.3,13.6,,4.1,,,
88,108,서울,2010-03-30,8.3,3.3,0407,14.2,1601,,,,,,,7.7,290,1646,5.0,320,1743,2.2,1920,70,-1.8,31,1442,50.1,5.4,1017.2,1030.7,1009,1024.7,2352,1027.7,12.5,5.7,1200,2.63,16.67,,,,,,5.0,2.0,9.9,-2.0,8.5,8.0,7.5,7.2,6.9,7.0,7.5,10.2,13.4,,3.3,3.0,,
89,108,서울,2010-03-31,7.3,5.9,1043,8.7,0000,,,,,11.13,9.5,6.3,50,1055,3.7,70,1418,2.3,2024,70,4.7,58,0413,84.9,8.6,1006.7,1024.7,0000,1013.9,2353,1017.1,12.6,0.0,1400,0.57,2.51,,,,,,9.8,7.6,8.2,5.7,8.2,8.0,8.0,7.9,7.7,7.2,7.6,10.2,13.5,,0.6,6.5,{안개비}0440-{비}0455-{비}{강도0}0600-{비}{강도0}0900-{비}{강도0}1200-1445. {안개비}1540-1643. {박무}0605-{박무}{강도0}0900-{박무}{강도0}1200-{박무}{강도0}1500-{박무}{강도0}1800-{박무}{강도0}2100-{박무}{강도0}2400-,
90,108,서울,2010-04-01,7.0,3.6,2351,9.9,1117,0.5,1459,0.7,1441,4.25,1.0,9.5,270,1911,6.3,290,1925,2.7,2313,290,2.2,41,2329,74.3,7.6,1002.3,1015.9,2355,1009.7,1628,1012.7,12.6,0.0,1300,0.48,3.21,,,,,,8.0,5.5,7.4,-0.6,8.0,8.1,8.1,8.0,7.8,7.3,7.6,10.2,13.4,0.5,0.7,1.0,-{박무}-{박무}{강도0}0300-{시정(미만)}{1km}{안개}0550-{안개}{강도0}0600-{시정(이상)}{1km}{박무}0630-{박무}{강도1}0900-{박무}{강도0}1200-1425. {비}1215-{비}{강도0}1500-1630.,0.67
91,108,서울,2010-04-02,5.5,1.3,0606,10.3,1559,,,,,,,14.7,270,1645,8.8,250,1651,3.7,3194,290,-7.4,12,1427,43.1,3.7,1007.2,1021.7,2400,1015.3,1604,1017.8,12.6,10.6,1200,3.07,22.26,,,,,,1.3,0.9,8.2,-5.0,6.9,7.1,7.1,7.2,7.4,7.5,7.8,10.3,13.5,2.8,4.7,,{황사}1010-{황사}{강도0}1200-1355.,
92,108,서울,2010-04-03,5.0,1.1,0603,9.5,1556,,,,,,,10.4,290,1358,6.8,270,1406,3.1,2671,290,-11.9,16,1613,30.1,2.5,1014.1,1026.7,0945,1021.7,0000,1024.8,12.7,11.4,1200,3.14,23.36,,,,,,0.0,0.0,8.2,-4.3,7.0,7.3,7.4,7.4,7.5,7.6,7.9,10.3,13.5,3.1,4.5,,,
93,108,서울,2010-04-04,7.7,2.3,0245,14.5,1304,,,,,,,9.4,270,1702,6.7,290,1719,2.6,2211,290,-6.8,15,1310,38.9,4.0,1009.4,1025.0,0004,1016.9,1543,1019.9,12.7,9.1,1100,2.82,19.02,,,,,,1.8,0.0,7.9,-2.5,7.4,7.5,7.7,7.5,7.5,7.7,7.9,10.2,13.4,2.0,3.8,,,
94,108,서울,2010-04-05,10.4,4.8,0511,14.8,1704,0.0,,0.0,,0.48,0.0,11.1,290,1904,6.1,290,1908,2.2,1870,70,2.5,33,1113,59.9,7.3,1005.0,1018.2,0000,1011.1,1656,1015.3,12.8,6.2,1100,2.56,16.19,,,,,,4.8,3.3,10.6,0.1,9.2,8.8,8.6,8.3,7.9,7.8,8.0,10.2,13.3,2.0,3.8,0.0,{비}2125-2154.,
95,108,서울,2010-04-06,8.5,4.8,2346,11.7,1448,,,,,,,10.7,360,2028,6.0,290,1636,3.6,3140,320,-1.5,28,1533,52.9,5.9,1007.0,1021.7,2333,1014.3,0405,1017.4,12.8,5.4,1200,2.66,13.25,,,,,,5.3,3.5,10.2,0.0,9.8,9.7,9.4,9.0,8.4,7.7,7.8,10.0,13.1,2.6,3.8,,{박무}0740-{박무}{강도0}0900-1131. {연무}1131-{연무}{강도0}1200-1215.,
96,108,서울,2010-04-07,7.3,2.3,0537,12.6,1533,,,,,,,8.7,270,1753,6.2,290,1759,2.6,2266,290,-6.0,23,1529,39.1,3.9,1013.6,1026.1,0930,1021.5,0015,1024.2,12.8,11.6,1200,3.13,23.46,,,,,,0.4,0.1,10.2,-3.5,8.8,8.8,8.8,8.6,8.3,8.0,8.0,10.1,13.2,2.6,4.7,,,
97,108,서울,2010-04-08,9.1,3.3,0553,15.5,1348,,,,,,,9.2,290,1632,6.6,290,1638,2.3,1978,290,-3.7,18,1324,43.5,4.7,1012.0,1025.6,0045,1020.0,1449,1022.4,12.9,11.3,1200,2.87,21.63,,,,,,0.0,0.0,11.0,-2.6,9.7,9.5,9.3,9.0,8.5,8.1,8.0,10.1,13.1,2.6,4.7,,,
98,108,서울,2010-04-09,11.4,5.4,0622,17.4,1520,,,,,,,8.4,270,1613,4.9,290,1616,2.0,1715,290,1.0,24,1516,50.4,6.6,1007.8,1022.1,0000,1014.0,1904,1018.1,12.9,10.1,1200,3.07,22.23,,,,,,2.1,0.6,13.0,0.5,11.4,10.8,10.3,9.7,9.0,8.2,8.1,10.0,13.1,2.9,4.9,,,
99,108,서울,2010-04-10,10.7,8.8,2236,13.5,1001,,,,,,,6.9,290,1153,4.6,290,1512,2.0,1738,50,3.5,41,1019,62.3,7.9,1004.4,1017.5,2215,1013.1,1414,1014.7,13.0,0.0,0900,0.63,3.6,,,,,,9.8,4.9,10.3,5.9,10.2,10.2,10.4,10.3,9.7,8.4,8.2,9.9,13.0,1.1,1.2,,{연무}1045-1125. {연무}1430-1640.,
100,108,서울,2010-04-11,13.6,6.7,0615,19.9,1439,0.1,,0.1,,0.25,0.1,7.6,90,0924,3.9,90,0931,2.1,1792,90,2.5,23,1201,50.8,7.5,1004.5,1018.0,0725,1012.0,1500,1014.7,13.0,4.9,1300,2.29,14.83,,,,,,7.1,3.9,13.2,1.7,11.9,11.2,10.5,10.0,9.4,8.6,8.4,10.1,13.1,2.4,4.3,0.1,{비}1840-1855.,
101,108,서울,2010-04-12,13.2,9.6,2355,18.5,1529,1.0,2026,3.0,2003,4.5,7.0,10.6,70,1119,6.3,250,2349,3.0,2550,90,3.1,33,0000,53.6,7.8,1000.1,1013.9,0112,1007.1,1742,1010.3,13.0,2.9,1300,2.61,12.53,,,,,,9.3,5.5,14.8,9.3,13.7,12.7,11.9,11.1,10.2,8.8,8.5,10.0,13.0,3.3,4.0,8.0,{비}1930-{비}{강도0}2100-{비}{강도0}2400-,
102,108,서울,2010-04-13,4.4,2.4,2356,9.6,0000,0.5,3,1.5,2330,2.25,1.0,14.9,270,1617,7.4,290,0608,5.2,4462,290,-5.9,27,1933,50.1,4.3,1007.5,1025.7,2359,1008.9,0027,1018.1,13.1,3.8,1300,2.53,15.46,,,,,,6.0,5.4,7.5,-0.1,8.9,9.7,10.5,10.7,10.4,8.9,8.5,10.0,12.9,2.0,3.8,,-{비}-0150. {비}0230-0255.,
103,108,서울,2010-04-14,4.0,1.2,0435,6.4,1520,,,,,,,10.2,320,1801,5.6,270,1218,3.4,2979,290,-12.9,18,1820,28.8,2.3,1015.5,1027.9,0738,1024.1,1817,1026.2,13.1,4.9,1000,2.58,15.55,,,,,,5.3,1.3,5.0,-2.5,5.5,6.6,7.8,8.7,9.4,9.2,8.7,10.1,13.0,2.2,3.1,,{햇무리}0940-1305. {채운}1002-1050.,
104,108,서울,2010-04-15,7.0,1.6,0619,12.6,1556,,,,,,,9.4,270,1631,6.2,290,1947,2.4,2080,290,-9.3,13,1237,34.0,3.3,1013.8,1026.7,0719,1021.5,1607,1024.4,13.2,11.2,1200,3.25,24.85,,,,,,1.9,0.0,9.8,-4.0,8.3,8.3,8.2,8.3,8.7,9.2,8.9,10.2,13.0,3.7,4.6,,{연무}2215-{연무}{강도0}2400-,
105,108,서울,2010-04-16,8.0,4.0,0601,13.6,1408,,,,,,,10.0,320,1551,5.8,290,1558,2.7,2306,290,-6.0,16,1415,39.8,4.0,1012.7,1024.6,2342,1021.2,1525,1023.3,13.2,11.5,1200,3.16,23.6,,,,,,1.8,1.3,11.2,-1.6,9.9,9.7,9.6,9.3,9.2,9.2,9.0,10.1,13.0,3.3,5.3,,-{연무}-{연무}{강도0}0300-{연무}{강도0}0600-{연무}{강도0}0900-1135.,
106,108,서울,2010-04-17,7.6,4.0,0312,12.0,1522,,,,,,,7.4,340,1508,4.7,270,1419,2.3,2009,290,0.8,34,0000,63.4,6.6,1015.7,1027.6,1005,1024.4,0000,1026.3,13.2,4.4,1500,2.3,14.7,,,,,,4.6,2.9,9.2,-1.8,9.0,9.3,9.4,9.4,9.4,9.1,9.0,10.0,12.9,1.7,2.8,,{연무}0915-{연무}{강도0}1200-1320. {박무}2345-{박무}{강도0}2400-,
107,108,서울,2010-04-18,12.0,6.2,0036,17.0,1351,0.0,,0.0,,0.08,0.0,11.7,200,1722,6.3,250,1704,2.7,2336,70,2.4,23,1344,54.3,7.4,1013.4,1027.1,0053,1021.1,2346,1023.7,13.3,0.0,1200,1.65,11.78,,,,,,8.6,2.6,11.4,0.9,10.5,10.1,9.9,9.7,9.5,9.3,9.1,10.1,13.0,2.4,3.9,0.0,-{박무}-{박무}{강도0}0300-{박무}{강도0}0600-0637. {연무}0637-{연무}{강도0}0900-1135. {비}1640-1645.,
108,108,서울,2010-04-19,14.7,12.7,0406,17.4,1620,0.1,,0.2,,0.42,0.2,5.9,90,0952,3.2,70,0959,1.9,1601,70,5.8,47,0848,55.6,9.3,1006.9,1021.4,0004,1013.5,1949,1017.1,13.3,0.0,1400,0.81,5.22,,,,,,8.4,5.9,12.5,9.1,12.1,11.6,11.2,10.7,10.2,9.3,9.1,10.2,12.9,0.4,1.0,0.2,{비}1105-1130.,
109,108,서울,2010-04-20,16.8,13.3,0451,20.7,1638,,,,,,,7.2,250,1413,4.8,290,1825,2.1,1856,290,10.6,53,1456,68.0,12.8,1003.6,1015.5,2246,1011.9,1653,1013.6,13.4,3.0,1300,2.77,15.78,,,,,,8.1,5.1,17.2,9.4,15.4,14.1,12.8,11.7,10.6,9.5,9.3,10.2,12.9,2.0,3.9,,{연무}0845-{연무}{강도0}0900-{연무}{강도0}1200-1435.,
110,108,서울,2010-04-21,14.1,10.7,2357,18.5,1226,0.5,1817,2.0,1843,4.75,4.0,8.9,110,1652,4.8,70,0947,3.0,2594,70,8.2,41,1517,69.9,10.9,1005.3,1017.1,0907,1014.2,1643,1015.5,13.4,0.3,0900,1.52,8.76,,,,,,8.8,2.6,14.0,8.9,13.8,13.6,13.3,12.7,11.7,9.6,9.3,10.2,12.9,3.4,4.2,8.5,{비}1810-{비}{강도0}2100-2110. {비}2215-{비}{강도0}2400-,
111,108,서울,2010-04-22,10.7,9.1,0222,12.7,1439,1.5,22,3.0,9,3.7,4.5,9.6,20,0746,4.7,70,0751,2.5,2121,70,4.4,51,1423,66.9,8.5,1003.5,1015.5,2325,1012.3,0533,1013.8,13.4,0.0,1100,1.09,6.53,,,,,,10.0,5.8,11.4,8.1,11.8,11.9,12.1,12.0,11.6,9.9,9.4,10.2,12.8,1.0,2.2,4.0,-{비}-0250. {비}0450-0535. {비}2353-{비}{강도0}2400-,
112,108,서울,2010-04-23,9.3,6.6,0439,14.3,1412,1.0,307,2.5,241,7.03,4.0,12.0,290,1546,7.3,290,1550,1.9,1676,70,4.1,45,1417,71.4,8.2,1005.7,1019.1,2347,1014.0,1542,1016.1,13.5,1.3,1100,2.0,11.26,,,,,,6.6,5.9,11.8,3.1,11.7,11.6,11.6,11.5,11.4,10.2,9.5,10.3,12.8,1.1,1.7,0.0,-{비}-0050. {비}0125-{비}{강도0}0300-{비}{강도0}0600-0650. {비}0738-0755. {소나기}1540-1610. {천둥}{강도0}(NW)1535-{천둥}{강도0}(NW{이동}N)1546-1555.,
113,108,서울,2010-04-24,11.1,5.4,0618,16.8,1442,,,,,,,11.0,270,1422,6.4,250,1423,2.6,2247,290,-0.6,15,1354,50.1,6.1,1011.5,1023.7,2400,1019.1,0000,1021.8,13.5,12.2,1200,3.29,25.38,,,,,,0.1,0.1,13.2,1.7,12.4,12.0,11.7,11.5,11.2,10.4,9.7,10.4,12.9,3.8,5.7,,,
114,108,서울,2010-04-25,13.6,6.9,0624,19.4,1442,,,,,,,8.1,340,1408,4.7,270,1306,2.0,1754,270,-3.2,17,1141,33.5,4.9,1013.9,1026.3,0802,1022.2,1622,1024.2,13.5,10.6,1200,3.26,24.19,,,,,,3.1,0.0,14.2,1.2,13.3,12.9,12.6,12.1,11.6,10.5,9.9,10.4,12.9,4.1,6.0,,,
115,108,서울,2010-04-26,12.4,10.2,1952,17.8,1244,2.0,1655,6.5,1643,9.4,27.0,9.1,230,1340,5.6,230,1348,1.9,1676,70,4.2,25,1151,63.4,8.7,1005.8,1024.1,0000,1009.1,2359,1016.0,13.6,0.2,1000,1.57,6.87,,,,,,9.6,5.4,12.0,7.0,12.3,12.5,12.8,12.7,12.2,10.6,9.9,10.3,12.8,1.0,3.0,28.5,{비}1318-{비}{강도0}1500-{비}{강도1}1800-{비}{강도0}2100-2120. {비}2213-2335. {박무}1425-{박무}{강도0}1500-{박무}{강도1}1800-{박무}{강도0}2100-{박무}{강도0}2400-,
116,108,서울,2010-04-27,7.5,5.1,2328,10.9,0023,1.0,1648,1.5,640,6.22,4.5,17.2,250,1047,10.9,250,1049,5.9,5083,250,2.5,43,1030,71.5,7.5,997.1,1011.4,2335,1004.3,0921,1007.4,13.6,1.7,1000,2.74,8.08,,,,,,8.6,7.0,8.8,2.3,10.0,10.8,11.7,12.1,12.2,11.0,10.2,10.6,12.9,1.9,3.1,3.0,-{박무}-{박무}{강도0}0300-{박무}{강도0}0600-0830. {비}0640-0815. {비}0845-0859. {비}1250-1259. {비}1330-{비}{강도0}1500-1745.,
117,108,서울,2010-04-28,5.0,3.3,2330,7.8,1026,1.0,1159,3.0,1159,10.82,9.5,14.0,230,1830,8.8,230,1737,3.4,2980,230,1.2,50,0955,77.5,6.7,997.0,1011.8,0201,1001.9,1630,1007.4,13.6,0.0,0800,0.56,3.58,,,,,,7.9,4.5,5.8,0.7,6.7,7.7,8.8,9.9,11.0,11.0,10.3,10.5,12.8,0.3,0.5,9.5,{비}1109-{비}{강도0}1200-{비}{강도0}1500-1725. {비}1757-{비}{강도0}1800-{비}{강도0}2100-2230.,
118,108,서울,2010-04-29,8.5,3.4,0000,12.4,1412,,,,,,,12.3,230,1543,8.7,250,1552,4.2,3588,250,1.2,42,1151,62.0,6.7,1000.8,1014.1,2236,1007.2,0000,1011.2,13.7,9.9,1400,2.84,21.16,,,,,,2.8,2.4,12.0,0.5,10.3,9.7,9.6,9.6,10.2,11.0,10.5,10.6,12.9,3.7,4.6,,,
119,108,서울,2010-04-30,9.6,7.0,0600,13.2,1637,,,,,,,10.4,270,0958,6.4,290,1459,3.8,3246,270,2.6,39,1246,63.3,7.4,1004.1,1016.7,2242,1012.9,0126,1014.5,13.7,7.8,1100,2.59,20.09,,,,,,4.4,4.1,11.2,3.1,10.8,10.7,10.8,10.7,10.7,10.8,10.5,10.6,12.8,2.1,3.5,,{박무}0525-{박무}{강도0}0600-0640.,
120,108,서울,2010-05-01,12.3,5.8,0611,17.5,1641,,,,,,,10.1,230,1444,6.2,250,1407,3.1,2656,250,0.9,26,1622,49.5,6.6,1006.3,1018.2,1040,1015.2,1613,1016.6,13.7,10.8,1200,3.2,24.78,,,,,,1.0,0.0,14.0,-1.0,12.7,11.9,11.6,11.2,11.0,10.8,10.5,10.6,12.8,4.4,6.4,,,
121,108,서울,2010-05-02,17.2,9.9,0552,23.3,1601,,,,,,,9.7,230,1441,5.9,230,1416,2.7,2312,230,4.3,26,0956,43.4,8.6,1004.1,1016.6,0842,1011.5,1923,1014.2,13.8,10.9,1200,3.1,23.95,,,,,,1.4,0.4,17.8,3.3,15.5,14.3,13.5,12.6,11.7,10.9,10.5,10.6,12.8,3.6,6.8,,,
122,108,서울,2010-05-03,18.2,16.5,0054,19.5,1514,0.0,,0.0,,0.23,0.0,10.7,230,0545,6.9,230,0603,3.9,3391,250,14.5,47,0058,79.5,16.5,1003.5,1015.2,2357,1012.1,1533,1013.5,13.8,0.0,1400,0.67,3.52,,,,,,8.8,7.4,17.0,8.2,15.8,15.1,14.6,13.9,12.8,10.9,10.5,10.6,12.7,1.2,1.7,0.0,{박무}0735-{박무}{강도0}0900-{박무}{강도0}1200-1340. {박무}1755-{박무}{강도0}1800- {박무}{강도0}2100-{박무}{강도0}2400- {비}1745-1759.,
123,108,서울,2010-05-04,20.2,18.2,0341,25.3,1617,,,,,,,9.1,230,0233,5.6,250,1540,3.4,2898,230,14.5,48,1621,70.3,16.5,1003.4,1015.4,0007,1010.7,1714,1013.3,13.8,2.0,1500,2.08,10.73,,,,,,7.3,4.8,20.3,12.9,18.6,17.1,16.0,14.8,13.4,11.4,10.6,10.7,12.7,2.4,3.2,,-{박무}-{박무}0130. {박무}0530-{박무}{강도0}0600-{박무}{강도0}0900-{박무}{강도0}1200-1240.,
124,108,서울,2010-05-05,20.6,15.4,0513,25.2,1302,0.0,,0.0,,0.42,0.0,11.7,180,2241,6.0,200,2250,2.3,1963,250,11.1,27,1308,57.5,13.3,998.0,1012.3,0000,1003.4,2353,1007.8,13.9,3.1,1200,2.94,16.95,,,,,,8.0,2.9,20.3,10.0,18.7,17.7,16.9,15.8,14.1,11.8,10.8,10.8,12.8,7.2,8.9,18.0,{비}2305-2330.,
125,108,서울,2010-05-06,13.4,10.4,2025,19.8,0010,2.5,636,5.5,553,8.17,18.0,16.2,230,0423,9.9,230,0411,4.6,4008,250,10.5,67,2329,83.4,13.1,993.4,1006.9,2101,1000.1,0412,1003.5,13.9,0.1,1100,1.82,7.02,,,,,,7.6,6.1,15.1,7.4,16.0,16.4,16.6,16.2,15.0,12.1,10.9,10.8,12.7,0.8,2.0,,{비}0035-{비}{강도0}0300-{비}{강도1}0600-{안개비}0735-0845. {박무}0110-{박무}{강도0}0300-{박무}{강도0}0600-{시정(미만)}{1km}{안개}0805-{안개}{강도0}0900-{시정(이상)}{1km}{박무}1025-{박무}{강도0}1200-{박무}{강도0}1500-1725.,2.33
126,108,서울,2010-05-07,14.6,9.6,0535,20.6,1513,,,,,,,10.1,290,1255,6.0,250,1235,3.7,3218,270,4.1,22,1510,52.8,8.3,997.9,1009.7,2235,1006.5,0002,1008.0,13.9,12.3,1200,3.36,26.79,,,,,,0.4,0.4,16.5,5.9,15.8,15.3,15.1,14.9,14.4,12.5,11.1,10.9,12.8,4.5,6.5,,,
127,108,서울,2010-05-08,16.7,12.1,0234,23.0,1606,,,,,,,7.6,250,1659,4.7,230,1444,2.7,2339,270,5.8,25,1648,49.9,9.2,999.1,1010.5,2325,1007.5,1659,1009.1,14.0,11.7,1200,3.05,24.6,,,,,,2.9,0.0,18.5,6.5,17.4,16.6,16.2,15.5,14.6,12.7,11.3,10.9,12.8,3.9,5.9,,{햇무리}1140-1410.,
128,108,서울,2010-05-09,19.0,13.4,0526,25.2,1506,,,,,,,12.3,230,2343,7.2,290,2345,2.0,1726,290,6.3,27,1821,45.8,9.6,998.6,1011.1,0645,1006.1,1711,1008.5,14.0,7.5,1300,3.08,21.51,,,,,,7.0,2.0,20.7,9.0,19.0,18.0,17.3,16.5,15.2,12.9,11.4,10.9,12.7,4.4,6.3,0.1,{연무}0735-{연무}{강도0}0900-1140.,
129,108,서울,2010-05-10,16.1,12.7,2400,20.9,1538,0.1,,0.1,,1.83,0.1,9.3,290,2033,6.3,290,0001,3.0,2616,290,5.5,26,1535,51.1,9.1,998.6,1011.0,2400,1006.8,1532,1008.6,14.0,9.8,1200,3.3,24.41,,,,,,3.8,2.9,20.1,7.9,19.0,18.6,18.1,17.2,15.8,13.2,11.6,11.0,12.7,4.8,6.7,,{비}0515-{비}{강도0}0600-0705. {황사}1440-{황사}{강도0}1500-{황사}{강도0}1800-1910.,
130,108,서울,2010-05-11,12.9,10.5,0533,17.0,1258,0.2,1335,0.3,1335,1.25,0.4,8.5,320,1340,5.5,290,1751,2.2,1873,290,5.2,31,1309,60.4,8.9,1001.6,1013.8,2328,1010.0,1315,1011.8,14.1,1.5,1200,1.86,10.14,,,,,,4.3,4.1,13.9,5.0,14.7,15.5,16.0,16.3,15.8,13.4,11.8,10.9,12.7,1.4,2.2,0.4,{황사}0730-{황사}{강도0}0900-1040. {비}1140-{비}{강도0}1200-1210. {비}1335-1420.,
131,108,서울,2010-05-12,13.8,8.7,0442,19.6,1504,,,,,,,9.6,340,1642,6.5,290,1600,2.6,2285,270,6.7,38,1314,64.5,9.8,1004.6,1016.1,0802,1013.0,1529,1014.7,14.1,11.6,1200,3.29,25.75,,,,,,0.4,0.4,17.2,4.3,16.2,15.9,15.8,15.5,15.1,13.6,12.0,11.0,12.8,2.6,5.1,,,
132,108,서울,2010-05-13,16.0,10.2,0603,21.9,1614,,,,,,,6.4,250,1945,4.5,250,1953,1.6,1343,290,5.9,28,1536,54.8,9.3,1006.0,1018.5,2351,1014.1,1609,1016.1,14.1,9.0,1300,3.02,21.64,,,,,,1.3,1.3,18.7,5.2,17.4,16.8,16.5,16.1,15.4,13.7,12.2,11.1,12.7,3.3,5.0,,{박무}0040-{박무}{강도0}0300-{박무}{강도0}0600-0820. {연무}0820-{연무}{강도0}0900-1140.,
133,108,서울,2010-05-14,18.0,12.1,0541,23.7,1449,,,,,,,9.5,290,1717,6.4,290,1724,2.3,2021,70,3.7,21,1409,40.5,8.0,1008.4,1020.2,0812,1016.3,1628,1018.4,14.2,12.0,1200,3.36,26.52,,,,,,0.5,0.0,20.3,5.9,19.1,18.1,17.6,16.9,15.6,13.9,12.4,11.1,12.8,4.6,6.3,,,
134,108,서울,2010-05-15,17.0,12.9,0551,21.9,1541,,,,,,,8.9,290,1326,5.5,290,1620,2.5,2180,290,5.6,27,1536,49.4,9.2,1008.6,1020.1,0645,1017.3,1746,1018.7,14.2,7.1,1200,2.75,21.35,,,,,,3.8,2.1,19.6,8.3,18.8,18.4,18.0,17.4,16.0,14.0,12.5,11.1,12.8,4.3,5.9,,{연무}0130-{연무}{강도0}0300-{연무}{강도0}0600-0835.,
135,108,서울,2010-05-16,18.2,12.6,0533,25.1,1636,,,,,,,8.6,250,1316,5.0,290,1744,2.3,1980,290,6.4,28,1410,48.0,9.7,1008.3,1019.8,0704,1016.0,1651,1018.3,14.2,10.6,1100,3.33,25.69,,,,,,4.0,0.0,19.6,6.6,19.2,18.8,18.5,17.6,16.2,14.3,12.6,11.2,12.7,5.1,7.2,,{햇무리}1610-1715.,
136,108,서울,2010-05-17,20.3,14.4,0543,27.0,1313,0.5,2350,1.0,2300,2.5,1.0,8.1,270,1652,5.3,290,1419,2.3,2004,290,7.8,23,1314,47.9,10.7,1005.3,1017.9,0005,1013.4,2210,1015.3,14.2,6.6,1200,3.2,22.19,,,,,,7.3,5.0,23.3,8.8,21.1,20.0,19.4,18.5,16.8,14.4,12.8,11.2,12.7,1.2,2.5,43.5,{연무}1350-{연무}{강도0}1500-1540. {비}2130-{비}{강도0}2400- {박무}2320-{박무}{강도0}2400-,
137,108,서울,2010-05-18,17.3,15.0,0224,19.4,1624,3.5,752,9.5,210,19.5,59.0,8.4,250,2338,5.2,290,2400,2.5,2123,70,16.3,80,0000,94.4,18.5,996.0,1013.6,0000,1002.7,1741,1005.9,14.3,0.0,1100,0.29,1.59,,,,,,10.0,7.8,17.8,14.8,18.1,18.3,18.5,18.4,17.2,14.7,12.9,11.2,12.7,1.8,2.5,17.0,-{비}-{비}{강도1}0300-{비}{강도1}0600-{비}{강도1}0900-1125. {비}1225-{비}1450. {안개비}1625-{안개비}{강도0}1800-{비}1840-{비}{강도0}2100-2120. {안개비}2315-{안개비}{강도0}2400- -{박무}-{박무}{강도2}0300-{박무}{강도2}0600-{박무}{강도1}0900-1140. {박무}1310-1440. {박무}1740-{박무}{강도0}1800-{박무}{강도1}2100-{박무}{강도2}2400-,
138,108,서울,2010-05-19,17.1,14.5,0425,20.9,1236,0.5,0,0.5,2330,1.33,0.5,8.9,290,1355,5.7,290,1402,2.8,2423,290,14.0,62,1237,82.5,16.0,996.6,1008.9,2353,1004.9,0117,1006.5,14.3,2.4,1200,2.56,15.99,,,,,,7.0,5.6,19.7,13.3,19.1,18.8,18.6,18.1,17.1,15.0,13.0,11.3,12.6,2.1,3.4,,-{안개비}-0040. {안개비}0140-0220. -{박무}-{박무}{강도1}0300-{박무}{강도1}0600-{박무}{강도0}0900-1051. {연무}1051-{연무}{강도0}1200-{연무}{강도0}1500-{연무}{강도0}1800-2009. {박무}2009-{박무}{강도0}2100-{박무}{강도1}2400-,
139,108,서울,2010-05-20,19.5,13.6,0548,25.4,1429,,,,,,,8.3,230,1453,5.5,230,1505,2.7,2342,270,12.4,42,1419,65.6,14.4,1001.4,1014.2,2351,1008.8,0001,1011.2,14.3,11.8,1200,3.19,25.83,,,,,,0.0,0.0,21.4,9.6,20.6,19.8,19.2,18.5,17.3,15.3,13.3,11.4,12.7,4.0,5.9,,-{박무}-{박무}{강도1}0300-{박무}{강도1}0600-0805. {연무}0805-{연무}{강도0}0900-{연무}{강도0}1200-1330. {연무}2235-{연무}{강도0}2400-,
140,108,서울,2010-05-21,22.1,14.9,0551,28.6,1555,,,,,,,6.6,340,1251,3.8,290,1805,1.8,1553,320,9.4,24,1454,49.8,12.1,1002.3,1015.0,0735,1009.3,2345,1012.1,14.3,10.1,1200,3.26,24.92,,,,,,4.0,0.1,22.6,10.3,21.7,21.0,20.4,19.4,18.1,15.5,13.6,11.4,12.7,5.7,6.8,,-{연무}-0115. {박무}0115-{박무}{강도0}0300-{박무}{강도1}0600-0810. {연무}0810-{연무}{강도0}0900-1140. {연무}1230-{연무}{강도0}1500-1510.,
141,108,서울,2010-05-22,20.1,15.7,2359,25.5,1242,1.0,2349,3.0,2330,8.85,5.5,7.4,70,2343,4.4,70,2243,1.8,1587,70,11.6,34,1250,61.1,13.9,996.1,1009.7,0016,1002.2,2358,1005.9,14.4,0.1,0900,1.56,7.87,,,,,,9.9,6.4,19.7,15.0,19.9,20.0,20.1,19.8,18.7,15.7,13.8,11.5,12.6,4.0,5.0,27.0,{연무}1320-{연무}{강도0}1500-1759. {박무}1759-{박무}{강도0}1800-1825. {박무}2310-{박무}{강도0}2400- {비}1425-1430. {비}1514-{비}{강도0}1800-{비}{강도0}2100-{비}{강도0}2400-,
142,108,서울,2010-05-23,16.1,14.6,0344,18.1,1645,1.5,52,5.0,43,12.5,21.5,11.5,110,1953,5.9,90,1048,4.7,4091,70,12.1,63,1819,78.0,14.1,985.1,1002.2,0000,991.7,2400,995.0,14.4,0.0,1300,0.49,3.5,,,,,,10.0,7.9,16.0,14.4,16.8,17.3,17.8,18.3,18.2,16.0,13.9,11.5,12.6,1.2,1.8,4.0,-{비}-{비}{강도0}0300-{비}{강도0}0600-{비}{강도0}0900-1010. {비}1150-{비}{강도0}1200-1410. -{박무}-{박무}{강도0}0300-{박무}0515. {박무}0625-{박무}{강도0}0900-0910.,
143,108,서울,2010-05-24,13.1,12.2,2109,15.8,0000,1.0,1319,2.0,1601,18.08,15.5,8.8,70,0016,5.7,250,1941,3.2,2728,70,11.9,69,0009,93.1,14.0,983.8,996.5,2159,990.9,0337,993.8,14.4,0.0,1400,0.8,4.98,,,,,,10.0,7.8,15.5,12.1,15.8,16.3,16.7,17.1,17.3,16.1,14.1,11.6,12.6,1.0,1.6,11.5,{비}0250-{비}{강도0}0300-{비}{강도0}0600-{비}{강도0}0900-{비}{강도0}1200-{비}{강도0}1500-{비}{강도0}1800-2055. {박무}0515-{박무}{강도0}0600-{박무}{강도0}0900-{박무}{강도1}1200-{박무}{강도0}1500-{박무}{강도0}1800-{박무}{강도1}2100-{박무}{강도1}2400-,
144,108,서울,2010-05-25,14.9,12.1,0059,18.8,1821,0.5,1323,0.5,1310,2.17,0.5,7.3,200,0157,4.4,230,0053,1.7,1471,230,12.4,63,1819,85.6,14.4,990.9,1006.0,2317,996.1,0056,1000.9,14.4,0.9,1500,0.99,6.31,,,,,,9.3,6.9,15.8,12.0,15.9,16.1,16.3,16.5,16.9,16.1,14.4,11.6,12.6,0.8,1.0,1.0,-{박무}-{박무}{강도1}0300-{박무}{강도2}0600-{박무}{강도2}0900-{박무}{강도1}1200-{박무}{강도2}1500-1615. {박무}2135-{박무}{강도0}2400- {안개비}1045-1125. {비}1310-{안개비}1345-1440.,
145,108,서울,2010-05-26,17.4,14.0,2400,21.7,1446,0.5,509,0.5,419,2.42,0.5,10.4,70,1250,4.6,70,1257,2.8,2394,70,9.1,40,1449,60.8,11.8,1001.8,1016.5,2247,1005.7,0000,1011.8,14.5,6.4,1100,3.22,21.65,,,,,,4.3,4.0,19.5,11.6,19.2,18.7,18.2,17.4,16.9,16.0,14.7,11.8,12.7,3.1,5.3,,-{박무}-{박무}{강도0}0300-0420. {비}0330-0555.,
146,108,서울,2010-05-27,17.4,11.5,0439,24.0,1519,,,,,,,8.6,290,1725,4.8,270,1725,2.5,2176,70,7.3,35,1158,53.0,10.2,1006.8,1018.9,0801,1014.7,1653,1016.9,14.5,11.4,1200,3.34,26.66,,,,,,3.1,0.9,20.5,7.3,19.6,19.1,18.6,18.0,17.3,16.1,14.7,11.9,12.7,3.9,5.9,,{햇무리}0640-0815. {햇무리}1335-1410.,
147,108,서울,2010-05-28,17.3,14.5,0518,20.4,1222,,,,,,,6.6,230,1639,4.8,230,1640,1.9,1666,270,10.8,53,0012,66.4,13.0,1005.1,1017.0,0621,1013.1,1819,1015.1,14.5,0.0,1100,1.76,12.68,,,,,,8.9,5.9,18.6,10.7,18.5,18.6,18.7,18.5,17.9,16.2,14.7,11.9,12.6,2.1,2.9,,{연무}1420-{연무}{강도0}1500-1745.,
148,108,서울,2010-05-29,18.7,14.6,0353,23.3,1430,,,,,,,6.9,320,1524,4.4,290,1519,1.7,1473,70,11.1,38,1433,63.1,13.2,1001.6,1014.3,0001,1009.5,1732,1011.5,14.5,2.7,1200,2.64,15.34,,,,,,7.0,4.8,20.2,13.0,19.9,19.5,19.1,18.6,18.0,16.3,14.8,12.0,12.7,3.1,3.8,,{박무}0340-{박무}{강도0}0600-0840. {연무}0840-{연무}{강도0}0900-1020.,
149,108,서울,2010-05-30,18.9,15.0,0511,23.4,1305,,,,,,,8.0,270,1712,5.0,320,1714,2.2,1938,70,10.5,38,1246,59.4,12.8,1001.4,1012.7,0834,1009.9,1629,1011.3,14.5,6.1,1100,3.01,20.45,,,,,,5.6,3.8,19.8,11.1,19.7,19.6,19.5,19.1,18.2,16.5,14.9,12.2,12.8,2.8,3.8,1.5,,
150,108,서울,2010-05-31,17.3,14.3,0653,20.0,1546,0.8,537,1.4,537,2.33,1.5,6.7,290,1627,4.5,340,1845,2.2,1859,70,10.4,42,1153,65.5,12.7,1004.1,1015.3,0815,1012.0,0001,1014.1,14.6,0.0,1400,1.49,10.4,,,,,,8.0,3.9,19.0,10.2,18.6,18.8,19.1,19.0,18.5,16.6,14.9,12.1,12.6,2.1,2.6,,{비}0103-0118. {비}0340-0415. {비}0525-{비}{강도0}0600-0655.,
151,108,서울,2010-06-01,19.1,12.1,0539,26.2,1619,,,,,,,7.8,270,1653,4.8,270,1709,2.1,1777,70,5.1,12,1329,45.0,9.1,1004.7,1016.2,0800,1012.2,1721,1014.7,14.6,13.3,1200,3.6,29.74,,,,,,1.3,0.1,21.8,6.9,20.7,19.8,19.3,18.7,18.2,16.8,15.1,12.3,12.8,5.1,7.0,,,
